epoch,step,train_loss
0,49,4.891757965087891
1,99,3.476613759994507
2,149,2.615771532058716
