epoch,step,train_loss
0,49,4.900317192077637
1,99,3.644258975982666
2,149,2.918999671936035
